{
	"IcoMoonType": "selection",
	"icons": [
		{
			"icon": {
				"paths": [
					"M864 0c88.364 0 160 71.634 160 160 0 36.020-11.91 69.258-32 96l-64 64-224-224 64-64c26.742-20.090 59.978-32 96-32zM64 736l-64 288 288-64 592-592-224-224-592 592zM715.578 363.578l-448 448-55.156-55.156 448-448 55.156 55.156z"
				],
				"attrs": [],
				"tags": [
					"pencil",
					"write",
					"edit"
				],
				"defaultCode": 57357,
				"grid": 16
			},
			"attrs": [],
			"properties": {
				"id": 64,
				"order": 1,
				"prevSize": 32,
				"code": 59653,
				"ligatures": "pencil, write",
				"name": "lapiz"
			},
			"setIdx": 0,
			"setId": 0,
			"iconIdx": 5
		},
		{
			"icon": {
				"paths": [
					"M1024 397.050l-353.78-51.408-158.22-320.582-158.216 320.582-353.784 51.408 256 249.538-60.432 352.352 316.432-166.358 316.432 166.358-60.434-352.352 256.002-249.538z"
				],
				"attrs": [],
				"tags": [
					"star-full",
					"rate",
					"star",
					"favorite",
					"bookmark"
				],
				"defaultCode": 58113,
				"grid": 16
			},
			"attrs": [],
			"properties": {
				"id": 865,
				"order": 4,
				"prevSize": 32,
				"code": 59865,
				"ligatures": "star-full, rate3",
				"name": "estrella"
			},
			"setIdx": 0,
			"setId": 0,
			"iconIdx": 217
		},
		{
			"icon": {
				"paths": [
					"M0 512c0 282.77 229.23 512 512 512s512-229.23 512-512-229.23-512-512-512-512 229.23-512 512zM928 512c0 229.75-186.25 416-416 416s-416-186.25-416-416 186.25-416 416-416 416 186.25 416 416z",
					"M706.744 669.256l90.512-90.512-285.256-285.254-285.254 285.256 90.508 90.508 194.746-194.744z"
				],
				"attrs": [],
				"tags": [
					"circle-up",
					"up",
					"circle-top",
					"arrow"
				],
				"defaultCode": 58883,
				"grid": 16
			},
			"attrs": [],
			"properties": {
				"order": 2,
				"id": 1393,
				"prevSize": 32,
				"code": 59969,
				"ligatures": "circle-up, up3",
				"name": "f-arriba"
			},
			"setIdx": 0,
			"setId": 0,
			"iconIdx": 321
		},
		{
			"icon": {
				"paths": [
					"M1024 512c0-282.77-229.23-512-512-512s-512 229.23-512 512 229.23 512 512 512 512-229.23 512-512zM96 512c0-229.75 186.25-416 416-416s416 186.25 416 416-186.25 416-416 416-416-186.25-416-416z",
					"M317.256 354.744l-90.512 90.512 285.256 285.254 285.254-285.256-90.508-90.508-194.746 194.744z"
				],
				"attrs": [],
				"tags": [
					"circle-down",
					"down",
					"circle-bottom",
					"arrow"
				],
				"defaultCode": 58883,
				"grid": 16
			},
			"attrs": [],
			"properties": {
				"order": 3,
				"id": 1394,
				"prevSize": 32,
				"code": 59971,
				"ligatures": "circle-down, down3",
				"name": "f-abajo"
			},
			"setIdx": 0,
			"setId": 0,
			"iconIdx": 323
		}
	],
	"height": 1024,
	"metadata": {
		"name": "icomoon"
	},
	"preferences": {
		"showGlyphs": true,
		"showQuickUse": true,
		"showQuickUse2": true,
		"showSVGs": true,
		"fontPref": {
			"prefix": "icon-",
			"metadata": {
				"fontFamily": "icomoon"
			},
			"metrics": {
				"emSize": 1024,
				"baseline": 6.25,
				"whitespace": 50
			}
		},
		"imagePref": {
			"prefix": "icon-",
			"png": true,
			"useClassSelector": true,
			"color": 4473924,
			"bgColor": 16777215
		},
		"historySize": 100,
		"showCodes": false
	}
}